name,umd_tree_cover_loss__ha
Russia,3636997.531338833
Brazil,2997069.0676712017
Canada,2499199.5743675535
United States,2081151.3027027992
Indonesia,1340996.1040716
