name,umd_tree_cover_loss_from_fires__ha
Russia,2531088.9871549928
Brazil,459894.81932223524
Canada,1561656.9228061165
United States,552904.9280612393
Indonesia,127240.94565998018
